{
  "model": "Qwen2.5-7B-Instruct-LoRA",
  "exact_match": {
    "overall_f1": 0.3723251577590384,
    "top": 0.25685714285714284,
    "mid": 0.2771648906648906,
    "base": 0.36611544011544006
  },
  "fuzzy_match": {
    "overall_f1": 0.41848895578629053,
    "top": 0.25685714285714284,
    "mid": 0.3262033522033521,
    "base": 0.4150606060606059
  }
}